City_ID,City,Lat,Lng,Max Temp,Humidity,Cloudiness,Wind Speed,Description,Country,Date
0,Punta Arenas,-53.15,-70.9167,50.11,46,0,32.21,clear sky,CL,2022-10-19 16:59:08
1,Hilo,19.7297,-155.09,80.28,88,91,5.01,overcast clouds,US,2022-10-19 17:00:50
2,Graaff-Reinet,-32.2522,24.5308,88.92,31,92,9.51,overcast clouds,ZA,2022-10-19 17:00:51
3,Ushuaia,-54.8,-68.3,51.46,40,20,16.11,few clouds,AR,2022-10-19 16:58:04
4,Avarua,-21.2078,-159.775,73.45,78,75,5.75,broken clouds,CK,2022-10-19 17:00:52
5,Alofi,-19.0595,-169.9187,76.57,81,22,6.67,few clouds,NU,2022-10-19 17:00:54
6,Mae Hong Son,19.3003,97.9685,68.31,80,0,2.53,clear sky,TH,2022-10-19 17:00:55
7,Otavi,-19.65,17.3333,81.1,25,75,6.53,broken clouds,NA,2022-10-19 17:00:56
8,Danielskuil,-28.1887,23.5395,74.93,35,89,5.97,overcast clouds,ZA,2022-10-19 17:00:57
9,Westport,41.1415,-73.3579,55.15,53,4,11.01,clear sky,US,2022-10-19 16:56:47
10,Belyy Yar,53.6039,91.3903,39.09,80,0,0.0,clear sky,RU,2022-10-19 17:00:58
11,Barrow,71.2906,-156.7887,24.82,86,100,6.91,overcast clouds,US,2022-10-19 17:00:59
12,Keti Bandar,24.1447,67.4497,80.37,67,1,8.32,clear sky,PK,2022-10-19 17:01:00
13,Launceston,-41.45,147.1667,49.15,100,7,4.61,clear sky,AU,2022-10-19 17:01:04
14,Port Alfred,-33.5906,26.891,74.55,84,7,11.7,clear sky,ZA,2022-10-19 17:01:06
15,Dingle,10.9995,122.6711,76.39,90,99,1.9,overcast clouds,PH,2022-10-19 17:01:07
16,East London,-33.0153,27.9116,74.34,85,35,14.29,scattered clouds,ZA,2022-10-19 17:01:09
17,Hermanus,-34.4187,19.2345,64.8,85,59,15.88,broken clouds,ZA,2022-10-19 17:01:10
18,Jamestown,42.097,-79.2353,37.71,94,100,11.5,overcast clouds,US,2022-10-19 16:56:43
19,Atuona,-9.8,-139.0333,76.71,67,15,15.93,few clouds,PF,2022-10-19 17:01:12
20,Tasiilaq,65.6145,-37.6368,33.96,85,43,2.53,scattered clouds,GL,2022-10-19 17:01:14
21,Rikitea,-23.1203,-134.9692,70.12,68,41,17.52,scattered clouds,PF,2022-10-19 17:01:16
22,Coquimbo,-29.9533,-71.3436,62.33,63,20,12.66,few clouds,CL,2022-10-19 16:59:13
23,Nikolskoye,59.7035,30.7861,37.78,91,11,5.28,few clouds,RU,2022-10-19 17:01:18
24,Bimbo,4.2567,18.4158,75.09,89,44,1.23,light rain,CF,2022-10-19 17:01:19
25,Saldanha,-33.0117,17.9442,69.85,94,47,13.18,scattered clouds,ZA,2022-10-19 16:56:39
26,Ribeira Grande,38.5167,-28.7,64.78,82,75,23.02,light intensity shower rain,PT,2022-10-19 17:01:21
27,Khani,41.9563,42.9566,58.57,79,100,2.51,overcast clouds,GE,2022-10-19 17:01:23
28,Qaanaaq,77.484,-69.3632,-0.69,72,2,7.83,clear sky,GL,2022-10-19 17:01:24
29,New Norfolk,-42.7826,147.0587,46.71,63,58,3.2,broken clouds,AU,2022-10-19 17:01:26
30,Alyangula,-13.8483,136.4192,81.52,77,69,9.98,broken clouds,AU,2022-10-19 17:01:26
31,Klaksvik,62.2266,-6.589,43.72,71,10,7.87,clear sky,FO,2022-10-19 17:01:27
32,Vila Franca Do Campo,37.7167,-25.4333,66.61,67,93,23.11,overcast clouds,PT,2022-10-19 17:01:28
33,Mataura,-46.1927,168.8643,36.57,99,90,2.37,overcast clouds,NZ,2022-10-19 17:01:29
34,Bayir,37.2687,28.2167,63.12,70,60,0.76,broken clouds,TR,2022-10-19 17:01:31
35,Airai,-8.9266,125.4092,64.0,88,100,0.34,overcast clouds,TL,2022-10-19 17:01:31
36,Poronaysk,49.2167,143.1167,39.49,69,7,11.25,clear sky,RU,2022-10-19 17:01:32
37,Arraial Do Cabo,-22.9661,-42.0278,73.4,85,98,19.73,light rain,BR,2022-10-19 17:01:32
38,Paamiut,61.994,-49.6678,34.27,82,100,24.74,light snow,GL,2022-10-19 17:01:34
39,Cape Town,-33.9258,18.4232,69.89,75,32,1.99,scattered clouds,ZA,2022-10-19 17:00:01
40,Dalbandin,28.8947,64.4101,74.95,19,28,11.54,scattered clouds,PK,2022-10-19 17:01:35
41,Georgetown,5.4112,100.3354,81.95,86,20,10.36,few clouds,MY,2022-10-19 16:58:47
42,Naze,28.3667,129.4833,68.56,62,20,18.19,few clouds,JP,2022-10-19 17:01:37
43,Matadi,-5.8167,13.45,84.13,62,100,8.79,overcast clouds,CD,2022-10-19 17:01:38
44,Saint-Philippe,-21.3585,55.7679,71.19,75,51,9.44,broken clouds,RE,2022-10-19 17:01:39
45,Lebanon,36.2081,-86.2911,53.19,41,0,11.5,clear sky,US,2022-10-19 17:01:41
46,Deming,32.2687,-107.7586,59.83,48,16,10.22,few clouds,US,2022-10-19 17:01:41
47,Ahipara,-35.1667,173.1667,54.21,73,86,12.26,overcast clouds,NZ,2022-10-19 17:02:43
48,Katsuura,35.1333,140.3,59.54,68,78,17.2,broken clouds,JP,2022-10-19 17:00:40
49,Bengkulu,-3.8004,102.2655,75.78,92,100,3.24,light rain,ID,2022-10-19 17:02:45
50,Bluff,-46.6,168.3333,46.74,71,100,21.63,overcast clouds,NZ,2022-10-19 17:02:45
51,Puqi,29.7167,113.8833,55.81,42,83,3.94,broken clouds,CN,2022-10-19 17:02:47
52,Huarmey,-10.0681,-78.1522,68.43,68,97,13.27,overcast clouds,PE,2022-10-19 17:02:49
53,Vaini,-21.2,-175.2,69.96,100,40,3.44,scattered clouds,TO,2022-10-19 17:02:50
54,Kapaa,22.0752,-159.319,73.38,90,18,10.96,light rain,US,2022-10-19 17:02:50
55,Ibra,22.6906,58.5334,77.85,25,53,2.01,broken clouds,OM,2022-10-19 17:02:51
56,Souillac,-20.5167,57.5167,71.06,73,85,11.18,overcast clouds,MU,2022-10-19 17:00:50
57,Matara,5.9485,80.5353,77.86,88,100,9.44,overcast clouds,LK,2022-10-19 17:02:53
58,Yellowknife,62.456,-114.3525,44.8,78,100,16.53,overcast clouds,CA,2022-10-19 17:02:54
59,Albany,42.6001,-73.9662,50.43,57,30,4.0,scattered clouds,US,2022-10-19 17:00:16
60,Fairbanks,64.8378,-147.7164,29.61,93,75,4.61,mist,US,2022-10-19 17:02:55
61,Lebu,-37.6167,-73.65,56.1,76,72,6.62,broken clouds,CL,2022-10-19 17:02:57
62,Kahului,20.8947,-156.47,76.84,83,84,1.01,broken clouds,US,2022-10-19 17:02:23
63,Lasa,46.6166,10.7002,53.69,71,7,1.03,clear sky,IT,2022-10-19 17:02:58
64,Mount Gambier,-37.8333,140.7667,53.51,94,100,11.5,overcast clouds,AU,2022-10-19 17:02:59
65,Bilma,18.6853,12.9164,83.62,19,0,8.99,clear sky,NE,2022-10-19 17:03:01
66,Victoria,22.2855,114.1577,75.33,71,97,5.99,overcast clouds,HK,2022-10-19 17:03:01
67,Indramayu,-6.3264,108.32,80.65,80,100,6.98,overcast clouds,ID,2022-10-19 17:03:05
68,Mount Pleasant,32.7941,-79.8626,60.01,42,0,10.36,clear sky,US,2022-10-19 17:03:05
69,Sistranda,63.7256,8.834,44.56,78,100,24.34,overcast clouds,NO,2022-10-19 17:03:07
70,Lavrentiya,65.5833,-171.0,35.82,91,100,26.84,overcast clouds,RU,2022-10-19 17:03:13
71,Fukue,32.6881,128.8419,63.73,58,0,17.74,clear sky,JP,2022-10-19 17:03:15
72,Laguna,38.421,-121.4238,79.97,53,0,9.22,clear sky,US,2022-10-19 17:03:15
73,Tuatapere,-46.1333,167.6833,40.21,85,100,5.48,overcast clouds,NZ,2022-10-19 17:03:17
74,Bethel,41.3712,-73.414,53.55,53,75,12.66,broken clouds,US,2022-10-19 17:03:18
75,Makat,47.6469,53.3463,53.51,72,77,12.86,broken clouds,KZ,2022-10-19 17:03:18
76,Dunedin,-45.8742,170.5036,44.8,67,77,4.0,broken clouds,NZ,2022-10-19 17:03:19
77,Ponta Do Sol,32.6667,-17.1,77.72,71,97,9.01,overcast clouds,PT,2022-10-19 17:03:20
78,Shizunai,42.3339,142.3669,46.65,72,10,9.91,clear sky,JP,2022-10-19 17:00:51
79,Longyearbyen,78.2186,15.6401,22.84,68,75,19.57,broken clouds,SJ,2022-10-19 17:03:22
80,Ilulissat,69.2167,-51.1,28.42,74,75,10.36,broken clouds,GL,2022-10-19 17:03:22
81,Chokurdakh,70.6333,147.9167,-7.74,100,100,2.68,overcast clouds,RU,2022-10-19 17:03:23
82,Port Hedland,-20.3167,118.5667,71.65,56,0,5.75,clear sky,AU,2022-10-19 17:03:23
83,Busselton,-33.65,115.3333,56.1,89,20,5.01,few clouds,AU,2022-10-19 17:03:24
84,Beringovskiy,63.05,179.3167,36.7,83,55,5.61,broken clouds,RU,2022-10-19 17:03:24
85,Castro,-24.7911,-50.0119,73.13,73,39,6.78,scattered clouds,BR,2022-10-19 17:01:48
86,Wuwei,37.9281,102.6414,54.3,33,100,3.09,overcast clouds,CN,2022-10-19 17:03:25
87,Vila Velha,-20.3297,-40.2925,76.95,94,100,10.36,overcast clouds,BR,2022-10-19 17:03:25
88,Te Anau,-45.4167,167.7167,38.19,90,100,5.21,overcast clouds,NZ,2022-10-19 17:03:26
89,Quelimane,-17.8786,36.8883,77.2,75,11,8.01,few clouds,MZ,2022-10-19 17:03:26
90,Kudahuvadhoo,2.6708,72.8944,81.66,76,97,11.61,overcast clouds,MV,2022-10-19 17:03:27
91,Avera,33.194,-82.5271,58.37,30,0,6.69,clear sky,US,2022-10-19 17:03:27
92,Aquiraz,-3.9014,-38.3911,90.45,61,42,16.67,scattered clouds,BR,2022-10-19 17:04:28
93,Lompoc,34.6391,-120.4579,86.63,44,0,10.36,clear sky,US,2022-10-19 17:04:29
94,Deputatskiy,69.3,139.9,-8.09,89,15,4.23,few clouds,RU,2022-10-19 17:04:30
95,Puerto Ayora,-0.7393,-90.3518,75.16,86,87,7.0,overcast clouds,EC,2022-10-19 17:04:31
96,Kavieng,-2.5744,150.7967,81.66,78,83,11.39,light rain,PG,2022-10-19 17:04:31
97,Khatanga,71.9667,102.5,16.07,95,100,5.32,light snow,RU,2022-10-19 17:04:33
98,Ust-Tsilma,65.441,52.1498,33.44,85,100,7.92,overcast clouds,RU,2022-10-19 17:04:34
99,Bara,10.3744,10.7288,83.53,36,43,3.11,scattered clouds,NG,2022-10-19 17:04:34
100,Erenhot,43.6475,111.9767,52.63,42,64,13.42,broken clouds,CN,2022-10-19 17:04:34
101,Dasoguz,41.8363,59.9666,54.7,36,0,8.88,clear sky,TM,2022-10-19 17:04:35
102,Chuy,-33.6971,-53.4616,68.18,74,62,12.3,broken clouds,UY,2022-10-19 17:04:35
103,Muros,42.7762,-9.0603,64.83,80,32,17.4,scattered clouds,ES,2022-10-19 17:04:37
104,Guerrero Negro,27.9769,-114.0611,77.97,53,3,5.59,clear sky,MX,2022-10-19 17:04:38
105,Butaritari,3.0707,172.7902,81.28,71,67,14.76,broken clouds,KI,2022-10-19 17:04:38
106,Pevek,69.7008,170.3133,27.0,96,100,6.15,light snow,RU,2022-10-19 17:04:38
107,Aitape,-3.1374,142.3475,76.55,88,90,4.07,overcast clouds,PG,2022-10-19 17:04:39
108,Tiksi,71.6872,128.8694,19.58,81,100,14.03,overcast clouds,RU,2022-10-19 17:04:39
109,Provideniya,64.3833,-173.3,35.74,98,100,33.73,moderate rain,RU,2022-10-19 17:04:40
110,Tabou,4.423,-7.3528,79.66,79,61,8.84,broken clouds,CI,2022-10-19 17:04:41
111,Kuminskiy,58.6667,66.5667,39.87,92,100,5.55,overcast clouds,RU,2022-10-19 17:04:42
112,Dikson,73.5069,80.5464,32.2,99,100,8.81,light snow,RU,2022-10-19 17:04:44
113,Severo-Kurilsk,50.6789,156.125,39.51,70,84,32.86,light rain,RU,2022-10-19 17:04:45
114,Carnarvon,-24.8667,113.6333,66.4,82,0,12.06,clear sky,AU,2022-10-19 17:04:46
115,Quatre Cocos,-20.2078,57.7625,70.09,75,64,15.55,broken clouds,MU,2022-10-19 17:04:47
116,Nantucket,41.2835,-70.0995,57.34,67,52,22.66,broken clouds,US,2022-10-19 17:04:48
117,Hasaki,35.7333,140.8333,54.28,58,30,16.82,scattered clouds,JP,2022-10-19 17:04:49
118,Yerbogachen,61.2767,108.0108,28.99,84,99,8.46,overcast clouds,RU,2022-10-19 17:04:50
119,Henties Bay,-22.116,14.2845,59.32,88,56,12.53,broken clouds,NA,2022-10-19 17:04:52
120,Arman,59.7,150.1667,20.21,57,68,8.93,broken clouds,RU,2022-10-19 17:04:53
121,Juba,4.8517,31.5825,79.16,63,91,3.76,overcast clouds,SS,2022-10-19 17:00:33
122,Santiago Del Estero,-27.7951,-64.2615,75.65,47,97,1.39,overcast clouds,AR,2022-10-19 17:04:56
123,Husavik,66.0449,-17.3389,36.52,77,96,9.31,overcast clouds,IS,2022-10-19 17:04:57
124,Beyneu,45.3167,55.2,57.92,42,7,11.61,clear sky,KZ,2022-10-19 17:04:57
125,Ewa Beach,21.3156,-158.0072,74.01,76,37,6.69,scattered clouds,US,2022-10-19 17:00:46
126,Mar Del Plata,-38.0023,-57.5575,64.94,82,64,18.01,broken clouds,AR,2022-10-19 17:00:13
127,Lagoa,39.05,-27.9833,65.16,75,100,33.71,light rain,PT,2022-10-19 17:05:00
128,Krasnoyarskaya,47.6501,42.0443,55.85,51,73,5.41,broken clouds,RU,2022-10-19 17:05:00
129,Orangeburg,33.4918,-80.8557,58.71,44,0,3.0,clear sky,US,2022-10-19 17:00:05
130,Satapuala,-13.8354,-171.9796,74.86,100,20,5.75,few clouds,WS,2022-10-19 17:05:01
131,Turukhansk,65.8167,87.9833,32.18,95,100,16.62,overcast clouds,RU,2022-10-19 17:05:01
132,Hofn,64.2539,-15.2082,42.44,70,50,6.76,scattered clouds,IS,2022-10-19 17:05:02
133,Cave Spring,37.2276,-80.0128,50.11,58,100,10.36,overcast clouds,US,2022-10-19 17:05:03
134,Senneterre,48.3835,-77.2328,39.85,81,60,8.1,broken clouds,CA,2022-10-19 17:05:05
135,Kodiak,57.79,-152.4072,35.11,80,0,5.75,clear sky,US,2022-10-19 17:05:05
136,Gland,46.4208,6.2701,64.78,87,91,2.82,overcast clouds,CH,2022-10-19 17:05:06
137,Santa Barbara,34.7333,-120.0343,84.83,42,0,0.0,clear sky,US,2022-10-19 17:05:07
138,Hobart,-42.8794,147.3294,47.05,87,31,5.75,scattered clouds,AU,2022-10-19 17:02:09
139,Zhuhai,22.2769,113.5678,74.98,64,40,10.36,scattered clouds,CN,2022-10-19 17:06:09
140,Hay River,60.8156,-115.7999,51.12,59,86,12.44,overcast clouds,CA,2022-10-19 17:06:10
141,Dobryanka,58.4619,56.4165,37.56,86,93,5.75,overcast clouds,RU,2022-10-19 17:06:11
142,Harrison,30.4091,-89.0436,60.87,32,0,10.36,clear sky,US,2022-10-19 17:06:13
143,Half Moon Bay,37.4636,-122.4286,78.96,60,0,8.05,clear sky,US,2022-10-19 17:06:14
144,Udachnyy,66.4167,112.4,16.11,92,85,7.65,overcast clouds,RU,2022-10-19 17:06:14
145,Moree,-29.4667,149.85,63.59,93,100,17.54,light rain,AU,2022-10-19 17:06:15
146,Vardo,70.3705,31.1107,37.38,70,75,36.82,broken clouds,NO,2022-10-19 17:03:12
147,La Paz,-16.5,-68.15,64.38,27,40,8.05,scattered clouds,BO,2022-10-19 17:06:17
148,Talnakh,69.4865,88.3972,33.73,96,100,13.09,light snow,RU,2022-10-19 17:06:18
149,Lodja,-3.4833,23.4333,74.55,82,100,1.1,light rain,CD,2022-10-19 17:06:19
150,Minab,27.1467,57.0801,88.12,28,79,3.58,broken clouds,IR,2022-10-19 17:06:20
151,Mahebourg,-20.4081,57.7,70.25,73,69,13.62,broken clouds,MU,2022-10-19 17:02:33
152,Praia,14.9215,-23.5087,86.54,62,20,5.75,few clouds,CV,2022-10-19 17:06:21
153,Eenhana,-17.4667,16.3333,83.77,28,55,5.61,broken clouds,NA,2022-10-19 17:06:22
154,Tuktoyaktuk,69.4541,-133.0374,26.91,86,100,5.39,overcast clouds,CA,2022-10-19 17:06:24
155,San Quintin,30.4833,-115.95,77.74,49,5,1.81,clear sky,MX,2022-10-19 17:06:26
156,Ereymentau,51.6199,73.1033,41.23,67,100,20.22,moderate rain,KZ,2022-10-19 17:06:27
157,Aksu,41.1231,80.2644,58.41,20,99,5.73,overcast clouds,CN,2022-10-19 17:06:11
158,Hithadhoo,-0.6,73.0833,80.1,78,100,7.49,overcast clouds,MV,2022-10-19 17:06:29
159,Medvezhyegorsk,62.9167,34.4667,38.01,82,87,7.63,overcast clouds,RU,2022-10-19 17:06:31
160,Lavumisa,-27.31,31.892,73.09,73,73,7.14,light rain,SZ,2022-10-19 17:06:32
161,Nikolayevsk-Na-Amure,53.1406,140.73,27.97,80,9,4.0,clear sky,RU,2022-10-19 17:06:34
162,Buala,-8.145,159.5921,79.56,79,73,2.13,broken clouds,SB,2022-10-19 17:06:36
163,Ulladulla,-35.35,150.4667,61.7,90,100,4.05,overcast clouds,AU,2022-10-19 17:06:36
164,Impfondo,1.6381,18.0667,73.29,95,95,4.7,moderate rain,CG,2022-10-19 17:06:37
165,Bredasdorp,-34.5322,20.0403,66.94,67,6,10.42,clear sky,ZA,2022-10-19 17:06:38
166,Sweetwater,25.7634,-80.3731,69.82,76,100,13.8,overcast clouds,US,2022-10-19 17:06:39
167,Nichinan,31.6,131.3667,60.04,72,0,13.49,clear sky,JP,2022-10-19 17:06:39
168,Bambous Virieux,-20.3428,57.7575,70.21,74,67,14.5,broken clouds,MU,2022-10-19 17:06:40
169,Aklavik,68.2191,-135.0107,25.95,96,100,6.17,overcast clouds,CA,2022-10-19 17:06:40
170,Pisco,-13.7,-76.2167,64.45,72,20,10.36,few clouds,PE,2022-10-19 17:06:41
171,Kuldur,49.2167,131.6333,30.56,73,81,1.95,broken clouds,RU,2022-10-19 17:06:41
172,Rio Gallegos,-51.6226,-69.2181,52.65,48,100,10.36,overcast clouds,AR,2022-10-19 17:06:42
173,Rock Hill,34.9249,-81.0251,56.34,44,0,6.91,clear sky,US,2022-10-19 17:06:42
174,Turayf,31.6725,38.6637,77.2,31,86,11.07,overcast clouds,SA,2022-10-19 17:06:43
175,Sungairaya,0.7,108.9,78.39,86,100,1.9,overcast clouds,ID,2022-10-19 17:06:44
176,Novyy Urengoy,66.0833,76.6333,37.83,85,100,16.42,overcast clouds,RU,2022-10-19 17:06:46
177,Itoman,26.1247,127.6694,75.22,69,100,18.41,overcast clouds,JP,2022-10-19 17:06:47
178,Kaduqli,11.0167,29.7167,80.47,58,22,5.99,light rain,SD,2022-10-19 17:06:48
179,Esperance,-33.8667,121.9,64.27,53,1,18.92,clear sky,AU,2022-10-19 17:06:51
180,Karksi-Nuia,58.1033,25.5628,36.79,85,9,5.66,clear sky,EE,2022-10-19 17:06:52
181,Erzin,36.9559,36.2,68.7,74,1,3.06,clear sky,TR,2022-10-19 17:06:53
182,Kirakira,-10.4544,161.9205,78.89,86,96,6.06,overcast clouds,SB,2022-10-19 17:07:55
183,Egvekinot,66.3167,-179.1667,28.02,97,100,22.35,snow,RU,2022-10-19 17:07:56
184,Stepnoye,51.4,46.8667,56.53,38,100,15.57,overcast clouds,RU,2022-10-19 17:07:57
185,Pangnirtung,66.1451,-65.7125,23.0,58,20,12.66,few clouds,CA,2022-10-19 17:07:58
186,Namibe,-15.1961,12.1522,69.19,70,28,16.24,scattered clouds,AO,2022-10-19 17:04:42
187,Lander,42.833,-108.7307,61.99,29,0,0.0,clear sky,US,2022-10-19 17:08:00
188,Algeciras,36.1333,-5.4505,71.28,83,75,3.44,haze,ES,2022-10-19 17:08:02
189,Torbay,47.6666,-52.7314,62.28,88,75,10.36,broken clouds,CA,2022-10-19 17:08:03
190,Iquique,-20.2208,-70.1431,64.44,65,2,9.13,clear sky,CL,2022-10-19 17:08:04
191,Labuan,5.2767,115.2417,81.52,78,100,4.9,overcast clouds,MY,2022-10-19 17:08:06
192,Nanortalik,60.1432,-45.2371,38.05,96,100,21.72,overcast clouds,GL,2022-10-19 17:08:07
193,Sinop,41.7711,34.8709,56.05,95,87,2.28,overcast clouds,TR,2022-10-19 17:08:08
194,Touros,-5.1989,-35.4608,83.77,62,13,19.26,few clouds,BR,2022-10-19 17:04:40
195,Saskylakh,71.9167,114.0833,6.51,91,66,10.74,broken clouds,RU,2022-10-19 17:08:09
196,Vao,-22.6667,167.4833,70.52,70,84,14.88,broken clouds,NC,2022-10-19 17:04:46
197,Batagay,67.6333,134.6333,-7.4,98,21,4.21,few clouds,RU,2022-10-19 17:08:11
198,Nexo,55.0607,15.1306,39.29,57,5,6.98,clear sky,DK,2022-10-19 17:08:13
199,Krasnopavlivka,49.1372,36.3272,50.36,92,100,7.23,overcast clouds,UA,2022-10-19 17:08:13
200,Geraldton,-28.7667,114.6,61.21,88,40,6.91,scattered clouds,AU,2022-10-19 17:08:14
201,Sal Rei,16.1833,-22.9167,84.4,70,40,17.27,scattered clouds,CV,2022-10-19 17:08:15
202,Zhangjiakou,40.81,114.8794,48.94,29,41,3.78,scattered clouds,CN,2022-10-19 17:08:17
203,Olafsvik,64.8945,-23.7142,44.42,83,100,17.18,overcast clouds,IS,2022-10-19 17:08:17
204,Mayo,38.8876,-76.5119,56.95,48,75,8.05,broken clouds,US,2022-10-19 17:08:19
205,Narsaq,60.9167,-46.05,37.62,98,100,11.9,overcast clouds,GL,2022-10-19 17:08:20
206,Lethem,3.3803,-59.7968,89.58,57,90,10.69,moderate rain,GY,2022-10-19 17:08:21
207,Lantangan,11.5882,123.3256,83.25,72,100,4.27,light rain,PH,2022-10-19 17:08:22
208,Karratha,-20.7377,116.8463,75.99,70,0,7.81,clear sky,AU,2022-10-19 17:08:23
209,Shenjiamen,29.9576,122.298,63.07,62,5,12.93,clear sky,CN,2022-10-19 17:08:23
210,Umea,63.8284,20.2597,42.91,75,0,9.22,clear sky,SE,2022-10-19 17:08:24
211,Stornoway,58.2093,-6.3865,49.96,83,20,13.8,few clouds,GB,2022-10-19 17:08:25
212,Chipinge,-20.1883,32.6236,68.38,46,100,7.56,overcast clouds,ZW,2022-10-19 17:08:26
213,Guangyuan,32.442,105.823,60.8,75,55,1.95,broken clouds,CN,2022-10-19 17:08:27
214,Kifri,34.6959,44.9661,86.94,15,1,7.23,clear sky,IQ,2022-10-19 17:08:28
215,Northam,51.0333,-4.2167,64.62,84,100,26.57,overcast clouds,GB,2022-10-19 17:08:28
216,Sioux Lookout,50.1001,-91.917,38.5,41,87,5.57,overcast clouds,CA,2022-10-19 17:08:29
217,Voi,-3.3945,38.563,73.26,65,80,12.33,broken clouds,KE,2022-10-19 17:08:30
218,Wagar,16.1525,36.2032,94.24,27,47,8.97,scattered clouds,SD,2022-10-19 17:08:32
219,Vanimo,-2.6741,141.3028,76.82,91,97,3.8,overcast clouds,PG,2022-10-19 17:08:33
220,Jiwani,25.05,61.7417,81.46,69,38,7.14,scattered clouds,PK,2022-10-19 17:08:34
221,Flin Flon,54.7682,-101.865,47.53,69,100,6.64,overcast clouds,CA,2022-10-19 17:08:35
222,Cabo San Lucas,22.8909,-109.9124,86.61,69,20,2.3,few clouds,MX,2022-10-19 17:06:39
223,Nuuk,64.1835,-51.7216,30.81,93,20,6.91,few clouds,GL,2022-10-19 17:08:37
224,Tupik,54.4253,119.9327,22.91,88,46,3.36,scattered clouds,RU,2022-10-19 17:08:38
225,Glendive,47.1053,-104.7125,64.02,42,0,11.5,clear sky,US,2022-10-19 17:08:39
226,Bandarbeyla,9.4942,50.8122,78.28,86,10,14.79,clear sky,SO,2022-10-19 17:08:40
227,Lima,-12.0432,-77.0282,71.91,63,100,9.22,overcast clouds,PE,2022-10-19 17:03:51
228,Mehamn,71.0357,27.8492,39.11,75,75,25.32,light snow,NO,2022-10-19 17:08:41
229,Bandipur,27.9333,84.4167,56.07,79,0,3.15,clear sky,NP,2022-10-19 17:08:41
230,Talaya,61.3833,152.75,5.31,94,95,8.43,overcast clouds,RU,2022-10-19 17:08:44
231,Foam Lake,51.65,-103.5343,54.86,46,60,9.71,broken clouds,CA,2022-10-19 17:09:45
232,San Pedro,14.35,121.0167,78.03,91,100,2.3,heavy intensity rain,PH,2022-10-19 17:09:46
233,Benidorm,38.5382,-0.131,75.31,71,100,4.74,overcast clouds,ES,2022-10-19 17:09:46
234,Kralendijk,12.15,-68.2667,89.58,66,75,14.97,broken clouds,BQ,2022-10-19 17:09:47
235,Belaya Gora,68.5333,146.4167,-1.73,100,80,2.33,broken clouds,RU,2022-10-19 17:05:00
236,Santa Isabel,-23.3156,-46.2214,74.5,58,95,6.2,overcast clouds,BR,2022-10-19 17:05:34
237,Evensk,61.95,159.2333,15.1,76,100,11.23,overcast clouds,RU,2022-10-19 17:09:49
238,Cache Creek,50.8101,-121.3246,60.26,47,14,3.74,few clouds,CA,2022-10-19 17:09:49
239,Yulara,-25.2406,130.9889,63.84,63,0,7.99,clear sky,AU,2022-10-19 17:09:50
240,Bairiki,1.3292,172.9752,80.6,83,20,11.5,light rain,KI,2022-10-19 17:09:51
241,Namwala,-15.7504,26.4384,84.7,21,57,5.32,broken clouds,ZM,2022-10-19 17:09:51
242,Kruisfontein,-34.0033,24.7314,76.8,60,51,6.93,broken clouds,ZA,2022-10-19 17:09:52
243,Tura,25.5198,90.2201,67.95,74,0,3.94,clear sky,IN,2022-10-19 17:09:54
244,Albufeira,37.0882,-8.2503,69.64,92,100,12.41,light rain,PT,2022-10-19 17:09:55
245,Sao Filipe,14.8961,-24.4956,80.42,79,52,8.55,broken clouds,CV,2022-10-19 17:09:56
246,Yinchuan,38.4681,106.2731,60.6,51,96,6.06,overcast clouds,CN,2022-10-19 17:09:57
247,Nome,64.5011,-165.4064,35.67,81,100,11.5,overcast clouds,US,2022-10-19 17:07:43
248,Pinchote,6.5325,-73.1723,77.2,63,100,4.23,overcast clouds,CO,2022-10-19 17:09:58
249,Nivala,63.9167,24.9667,37.69,95,100,5.73,overcast clouds,FI,2022-10-19 17:09:58
250,Port-Cartier,50.0334,-66.8654,48.74,97,100,24.14,moderate rain,CA,2022-10-19 17:09:59
251,Vestmanna,62.1564,-7.1664,41.92,81,100,6.91,overcast clouds,FO,2022-10-19 17:10:00
252,Presidencia Roque Saenz Pena,-26.7852,-60.4388,81.07,51,91,7.29,overcast clouds,AR,2022-10-19 17:10:00
253,Constantine,36.365,6.6147,80.01,25,0,6.91,clear sky,DZ,2022-10-19 17:10:01
254,Goderich,43.7501,-81.7165,45.91,91,99,24.47,overcast clouds,CA,2022-10-19 17:10:01
255,Ozinki,51.1786,49.6769,55.81,44,100,18.19,overcast clouds,RU,2022-10-19 17:10:02
256,Truth Or Consequences,33.1284,-107.2528,61.03,67,0,4.61,clear sky,US,2022-10-19 17:10:03
257,Los Llanos De Aridane,28.6585,-17.9182,72.12,79,40,4.61,scattered clouds,ES,2022-10-19 17:07:38
258,Zalantun,48.0,122.7167,41.85,42,99,5.86,overcast clouds,CN,2022-10-19 17:10:05
259,Zhicheng,30.2956,111.5047,58.26,34,36,3.44,scattered clouds,CN,2022-10-19 17:10:06
260,Mitsamiouli,-11.3847,43.2844,76.14,76,9,7.76,clear sky,KM,2022-10-19 17:10:07
261,Southbridge,42.0751,-72.0334,55.29,53,1,7.0,clear sky,US,2022-10-19 17:10:08
262,San Fernando,15.0286,120.6898,76.73,99,100,2.71,heavy intensity rain,PH,2022-10-19 17:10:09
263,Guanica,17.9716,-66.908,90.03,72,2,14.12,clear sky,PR,2022-10-19 17:10:10
264,Ust-Ilimsk,58.0006,102.6619,30.43,99,99,2.53,light snow,RU,2022-10-19 17:10:11
265,Wonthaggi,-38.6044,145.5913,50.9,75,0,4.88,clear sky,AU,2022-10-19 17:05:26
266,Innisfail,-17.5333,146.0333,76.14,85,93,2.59,overcast clouds,AU,2022-10-19 17:10:13
267,Maragogi,-9.0122,-35.2225,80.24,63,38,12.24,scattered clouds,BR,2022-10-19 17:10:14
268,Okitipupa,6.5047,4.7839,79.74,80,100,5.23,light rain,NG,2022-10-19 17:10:15
269,Rafaela,-31.2503,-61.4867,65.98,65,79,9.22,broken clouds,AR,2022-10-19 17:07:55
270,Bulawayo,-20.15,28.5833,77.67,25,66,14.12,broken clouds,ZW,2022-10-19 17:10:16
271,Derzhavinsk,51.1,66.3167,48.65,61,100,21.74,overcast clouds,KZ,2022-10-19 17:10:19
272,Simao,22.7886,100.9748,54.97,66,1,2.64,clear sky,CN,2022-10-19 17:10:19
273,Magadi,12.9667,77.2333,68.16,91,70,4.76,broken clouds,IN,2022-10-19 17:10:20
274,Nabire,-3.3667,135.4833,76.01,90,100,2.62,overcast clouds,ID,2022-10-19 17:10:21
275,Grindavik,63.8424,-22.4338,43.27,81,100,13.8,overcast clouds,IS,2022-10-19 17:10:23
276,Cumberland,35.0502,-78.8664,59.49,38,0,11.5,clear sky,US,2022-10-19 17:11:32
277,Largo,27.9095,-82.7873,64.13,44,0,14.0,clear sky,US,2022-10-19 17:07:13
278,Huanren,41.2647,125.3667,39.29,90,0,4.76,clear sky,CN,2022-10-19 17:11:35
279,Voznesenye,61.0106,35.4781,39.69,77,82,8.66,broken clouds,RU,2022-10-19 17:11:36
280,Bathsheba,13.2167,-59.5167,88.41,79,40,11.5,scattered clouds,BB,2022-10-19 17:11:37
281,Manokwari,-0.8667,134.0833,79.03,79,84,8.52,broken clouds,ID,2022-10-19 17:11:39
282,Yumen,40.2833,97.2,50.18,16,88,4.25,overcast clouds,CN,2022-10-19 17:11:40
283,Inndyr,67.0338,14.0276,44.64,90,100,11.59,overcast clouds,NO,2022-10-19 17:11:40
284,Piacenza,45.0468,9.6994,72.21,63,3,3.11,clear sky,IT,2022-10-19 17:11:41
285,Tigre,-34.426,-58.5796,77.27,70,20,6.91,few clouds,AR,2022-10-19 17:07:21
286,Norman Wells,65.282,-126.8329,30.24,100,100,9.22,fog,CA,2022-10-19 17:09:12
287,Nouadhibou,20.931,-17.0347,84.18,48,2,14.97,sand,MR,2022-10-19 17:11:43
288,Codrington,-38.2667,141.9667,49.1,94,2,6.42,clear sky,AU,2022-10-19 17:11:45
289,Quesnel,52.9999,-122.5029,57.02,52,50,6.24,scattered clouds,CA,2022-10-19 17:10:14
290,Marsh Harbour,26.5412,-77.0636,78.76,79,100,13.09,overcast clouds,BS,2022-10-19 17:11:47
291,Dera Ismail Khan,31.8327,70.9024,79.63,20,0,4.79,clear sky,PK,2022-10-19 17:11:49
292,Cherskiy,68.75,161.3,16.61,93,100,6.4,light snow,RU,2022-10-19 17:11:50
293,Seoul,37.5683,126.9778,51.24,40,0,2.24,clear sky,KR,2022-10-19 17:08:13
294,Dezful,32.3811,48.4058,83.57,15,0,3.6,clear sky,IR,2022-10-19 17:11:51
295,Qui Nhon,13.7667,109.2333,77.56,80,69,4.52,broken clouds,VN,2022-10-19 17:11:53
296,Forio,40.7342,13.8646,71.53,90,0,4.0,clear sky,IT,2022-10-19 17:11:54
297,Prosvet,55.5703,65.0825,40.82,89,100,4.92,overcast clouds,RU,2022-10-19 17:11:56
298,Vadamadurai,10.4667,78.0833,75.56,87,87,3.11,overcast clouds,IN,2022-10-19 17:11:57
299,Carndonagh,55.25,-7.2667,51.42,96,100,21.03,light rain,IE,2022-10-19 17:11:58
300,Ejura,7.3856,-1.3562,84.22,71,84,1.79,broken clouds,GH,2022-10-19 17:11:58
301,Termoli,41.9888,14.9895,67.78,81,0,11.59,clear sky,IT,2022-10-19 17:11:59
302,Eldorado,-23.7869,-54.2836,82.17,64,34,6.26,scattered clouds,BR,2022-10-19 17:12:01
303,Acari,-15.4311,-74.6158,76.05,50,39,10.47,scattered clouds,PE,2022-10-19 17:12:02
304,Upernavik,72.7868,-56.1549,18.46,82,84,4.63,broken clouds,GL,2022-10-19 17:12:04
305,Lorengau,-2.0226,147.2712,80.73,73,97,6.82,overcast clouds,PG,2022-10-19 17:12:05
306,Dhidhdhoo,6.8833,73.1,81.59,79,68,18.21,broken clouds,MV,2022-10-19 17:12:06
307,Noumea,-22.2763,166.4572,64.38,81,85,9.62,overcast clouds,NC,2022-10-19 17:12:08
308,Beloha,-25.1667,45.05,69.21,83,11,20.87,few clouds,MG,2022-10-19 17:07:25
309,Port Blair,11.6667,92.75,80.28,79,100,10.71,overcast clouds,IN,2022-10-19 17:12:09
310,Kendari,-3.945,122.4989,77.47,88,100,2.35,overcast clouds,ID,2022-10-19 17:12:10
311,Urucara,-2.5364,-57.76,95.86,41,81,5.64,broken clouds,BR,2022-10-19 17:11:17
312,Bronnoysund,65.4625,12.1997,44.6,87,75,13.0,broken clouds,NO,2022-10-19 17:12:16
313,Leshukonskoye,64.8989,45.7622,35.56,81,100,8.28,overcast clouds,RU,2022-10-19 17:12:17
314,Predejane,42.8294,22.1311,53.56,59,0,1.97,clear sky,RS,2022-10-19 17:12:17
315,Portland,45.5234,-122.6762,61.09,84,40,5.01,mist,US,2022-10-19 17:10:55
316,Lake Charles,30.2131,-93.2044,57.02,35,0,9.22,clear sky,US,2022-10-19 17:07:25
317,Pilar,-9.5972,-35.9567,82.33,63,34,11.88,scattered clouds,BR,2022-10-19 17:12:19
318,Isangel,-19.55,169.2667,72.66,85,94,10.58,overcast clouds,VU,2022-10-19 17:12:20
319,Tan An,10.5333,106.4167,75.22,96,81,5.21,light rain,VN,2022-10-19 17:12:21
320,Hambantota,6.1241,81.1185,79.99,78,98,15.75,overcast clouds,LK,2022-10-19 17:09:01
321,Palmer,42.1584,-72.3287,55.24,45,40,12.66,scattered clouds,US,2022-10-19 17:12:20
322,Adrar,20.5022,-10.0711,96.48,10,2,6.6,clear sky,MR,2022-10-19 17:13:22
323,Shimoda,34.6667,138.95,57.11,71,53,14.27,broken clouds,JP,2022-10-19 17:13:23
324,Atar,20.5169,-13.0499,99.39,9,61,10.71,broken clouds,MR,2022-10-19 17:13:25
325,Clocolan,-28.9137,27.5656,70.56,43,74,4.41,broken clouds,ZA,2022-10-19 17:13:26
326,Pemangkat,1.1667,108.9667,78.71,83,100,1.97,overcast clouds,ID,2022-10-19 17:13:27
327,Plougastel-Daoulas,48.3667,-4.3667,66.18,77,0,13.8,clear sky,FR,2022-10-19 17:13:29
328,Svetlogorsk,52.6333,29.7333,42.66,77,87,12.19,overcast clouds,BY,2022-10-19 17:13:30
329,San Patricio,28.017,-97.5169,69.69,25,2,8.97,clear sky,US,2022-10-19 17:10:34
330,Galle,6.0367,80.217,77.56,91,100,11.34,overcast clouds,LK,2022-10-19 17:13:32
331,Acapulco,16.8634,-99.8901,82.22,74,100,4.61,overcast clouds,MX,2022-10-19 17:12:38
332,Jabinyanah,35.035,10.9081,75.0,53,1,10.98,clear sky,TN,2022-10-19 17:13:38
333,Awash,8.9833,40.1667,81.03,25,61,4.7,broken clouds,ET,2022-10-19 17:13:39
334,Sitka,57.0531,-135.33,53.49,82,100,19.57,light rain,US,2022-10-19 17:13:40
335,Huron,41.1501,-82.5499,41.68,91,100,16.35,light rain,US,2022-10-19 17:13:41
336,Rock Sound,24.9,-76.2,82.53,73,91,14.58,overcast clouds,BS,2022-10-19 17:13:42
337,Ajdabiya,30.7554,20.2263,71.29,58,79,10.29,broken clouds,LY,2022-10-19 17:13:42
338,Ust-Uda,54.1742,103.0304,34.3,90,100,2.73,overcast clouds,RU,2022-10-19 17:13:43
339,Grand-Santi,4.25,-54.3833,94.37,38,65,4.38,broken clouds,GF,2022-10-19 17:13:44
340,Porto Novo,6.4965,2.6036,81.25,77,65,9.66,light rain,BJ,2022-10-19 17:13:45
341,Savannah Bight,16.45,-85.85,82.22,76,100,8.57,overcast clouds,HN,2022-10-19 17:13:46
342,Gerede,40.8008,32.1969,48.43,96,19,2.53,few clouds,TR,2022-10-19 17:13:47
343,Dzaoudzi,-12.7887,45.2699,76.89,78,0,5.75,clear sky,YT,2022-10-19 17:13:48
344,Sao Joao Da Barra,-21.6403,-41.0511,80.69,76,63,19.55,broken clouds,BR,2022-10-19 17:13:50
345,Akureyri,65.6835,-18.0878,40.93,65,0,19.57,clear sky,IS,2022-10-19 17:13:52
346,Carballo,43.213,-8.691,64.09,83,15,9.48,few clouds,ES,2022-10-19 17:13:52
347,Oktyabrskiy,54.4815,53.471,42.94,88,100,3.85,overcast clouds,RU,2022-10-19 17:10:34
348,Saru Dornei,47.2833,25.35,45.39,85,74,3.09,broken clouds,RO,2022-10-19 17:13:55
349,Manggar,-2.8833,108.2667,80.4,80,73,5.19,broken clouds,ID,2022-10-19 17:13:56
350,Hami,42.8,93.45,52.75,43,57,9.84,broken clouds,CN,2022-10-19 17:13:56
351,Faya,18.3851,42.4509,64.51,45,3,2.95,clear sky,SA,2022-10-19 17:13:58
352,Port Elizabeth,-33.918,25.5701,72.32,89,0,6.91,clear sky,ZA,2022-10-19 17:13:45
353,Majene,-3.5403,118.9707,79.02,87,99,3.78,overcast clouds,ID,2022-10-19 17:13:59
354,Haines Junction,60.7522,-137.5108,33.75,100,94,0.0,overcast clouds,CA,2022-10-19 17:13:59
355,Grimshaw,56.1834,-117.6027,53.22,54,100,13.8,overcast clouds,CA,2022-10-19 17:12:23
356,Saint Anthony,45.0205,-93.218,42.89,43,0,9.22,clear sky,US,2022-10-19 17:14:00
357,Acajutla,13.5928,-89.8275,83.57,74,54,7.65,broken clouds,SV,2022-10-19 17:09:41
358,Ilo,-17.6394,-71.3375,67.06,68,0,9.22,clear sky,PE,2022-10-19 17:14:00
359,Richards Bay,-28.783,32.0377,73.53,76,44,12.95,scattered clouds,ZA,2022-10-19 17:09:45
360,Nizwa,22.9333,57.5333,81.01,16,63,3.24,broken clouds,OM,2022-10-19 17:14:02
361,Clyde River,70.4692,-68.5914,16.03,73,75,2.3,broken clouds,CA,2022-10-19 17:14:03
362,Popondetta,-8.7537,148.2534,72.61,96,100,2.93,overcast clouds,PG,2022-10-19 17:14:03
363,Ostrovnoy,68.0531,39.5131,36.41,97,100,27.25,moderate rain,RU,2022-10-19 17:14:04
364,Skoghall,59.3232,13.4655,37.96,81,22,4.61,few clouds,SE,2022-10-19 17:14:06
365,Auki,-8.7676,160.7034,76.78,85,69,1.48,broken clouds,SB,2022-10-19 17:14:08
366,Mosquera,4.7059,-74.2302,64.49,59,75,5.75,broken clouds,CO,2022-10-19 17:14:09
367,Padang,-0.9492,100.3543,73.45,83,85,3.04,overcast clouds,ID,2022-10-19 17:15:10
368,Tacna,-18.0056,-70.2483,68.2,49,0,5.75,clear sky,PE,2022-10-19 17:15:11
369,Praia Da Vitoria,38.7333,-27.0667,67.75,82,40,24.14,light intensity shower rain,PT,2022-10-19 17:15:12
370,Mariana,-20.3778,-43.4161,85.48,38,80,7.9,broken clouds,BR,2022-10-19 17:15:12
371,Broome,42.2506,-75.833,44.53,73,100,17.27,overcast clouds,US,2022-10-19 17:15:13
372,Lakes Entrance,-37.8811,147.981,46.17,84,0,4.25,clear sky,AU,2022-10-19 17:15:14
373,Todos Santos,23.45,-110.2167,84.31,69,40,5.26,scattered clouds,MX,2022-10-19 17:15:14
374,Santiago,-33.4569,-70.6483,67.24,46,20,11.5,few clouds,CL,2022-10-19 17:10:48
375,Inhambane,-23.865,35.3833,76.98,73,40,4.61,scattered clouds,MZ,2022-10-19 17:15:15
376,Salalah,17.0151,54.0924,80.69,54,0,3.44,clear sky,OM,2022-10-19 17:10:24
377,Constitucion,-35.3333,-72.4167,60.28,66,4,9.62,clear sky,CL,2022-10-19 17:15:16
378,College,64.8569,-147.8028,29.59,93,75,4.61,mist,US,2022-10-19 17:15:16
379,Batticaloa,7.7102,81.6924,80.6,76,98,9.35,moderate rain,LK,2022-10-19 17:15:17
380,Pallasovka,50.05,46.8833,56.89,39,100,15.88,overcast clouds,RU,2022-10-19 17:15:43
381,Kijang,35.2442,129.2139,46.13,39,0,4.85,clear sky,KR,2022-10-19 17:15:43
382,Makakilo City,21.3469,-158.0858,74.61,77,0,4.61,clear sky,US,2022-10-19 17:15:44
383,Ayan,56.45,138.1667,36.16,59,90,12.39,overcast clouds,RU,2022-10-19 17:15:45
384,Baykit,61.67,96.37,33.44,84,100,3.09,overcast clouds,RU,2022-10-19 17:15:46
385,Nuevo Progreso,23.1667,-97.95,69.55,57,99,13.89,overcast clouds,MX,2022-10-19 17:15:47
386,Sakaiminato,35.55,133.2333,49.98,93,20,3.44,few clouds,JP,2022-10-19 17:15:48
387,Altay,47.8667,88.1167,33.66,64,12,3.42,few clouds,CN,2022-10-19 17:15:48
388,Gallup,35.5281,-108.7426,56.16,50,0,0.0,clear sky,US,2022-10-19 17:15:49
389,Port Lincoln,-34.7333,135.8667,56.97,88,42,9.55,scattered clouds,AU,2022-10-19 17:15:49
390,Khorixas,-20.3667,14.9667,78.62,33,0,20.24,clear sky,NA,2022-10-19 17:15:49
391,Izumo,35.3667,132.7667,49.95,76,40,0.98,scattered clouds,JP,2022-10-19 17:15:50
392,San Ramon,37.7799,-121.978,78.75,46,0,3.44,clear sky,US,2022-10-19 17:12:05
393,Vestmannaeyjar,63.4427,-20.2734,43.79,93,75,8.05,broken clouds,IS,2022-10-19 17:15:51
394,Thompson,55.7435,-97.8558,41.16,70,40,8.05,scattered clouds,CA,2022-10-19 17:15:52
395,Saint-Pierre,-21.3393,55.4781,71.28,64,0,13.8,clear sky,RE,2022-10-19 17:15:52
396,Saint George,37.1041,-113.5841,71.44,28,0,3.44,clear sky,US,2022-10-19 17:15:53
397,Fare,-16.7,-151.0167,77.54,77,7,7.43,clear sky,PF,2022-10-19 17:15:53
398,Xiashi,30.5363,120.6864,51.82,78,4,5.93,clear sky,CN,2022-10-19 17:15:54
399,Huangcun,30.0145,118.4037,48.9,75,45,3.02,scattered clouds,CN,2022-10-19 17:15:55
400,Gat,31.61,34.7642,74.08,100,43,5.55,scattered clouds,IL,2022-10-19 17:15:56
401,Nazas,25.2333,-104.1333,65.21,62,91,5.61,overcast clouds,MX,2022-10-19 17:15:58
402,Fairview,40.8126,-73.999,54.48,46,75,16.11,broken clouds,US,2022-10-19 17:15:59
403,Tucuma,-0.1833,-50.05,88.2,60,97,9.51,overcast clouds,BR,2022-10-19 17:15:59
404,Sechura,-5.5569,-80.8222,72.21,58,95,11.03,overcast clouds,PE,2022-10-19 17:16:00
405,Jalu,29.0331,21.5482,73.54,37,24,10.85,few clouds,LY,2022-10-19 17:16:01
406,Cidreira,-30.1811,-50.2056,68.81,82,55,7.99,broken clouds,BR,2022-10-19 17:16:02
407,Powell River,49.8496,-124.5361,58.19,100,100,6.91,fog,CA,2022-10-19 17:15:19
408,Kaeo,-35.1,173.7833,48.33,93,100,6.02,overcast clouds,NZ,2022-10-19 17:16:04
409,Martapura,-3.4167,114.85,75.29,100,100,2.3,overcast clouds,ID,2022-10-19 17:16:05
410,Rosh Pinna,32.9689,35.5426,72.54,56,84,5.01,broken clouds,IL,2022-10-19 17:13:19
411,Komsomolskiy,40.4272,71.7189,45.32,76,97,4.61,overcast clouds,UZ,2022-10-19 17:16:06
412,Nicoya,10.1483,-85.452,84.22,71,100,3.38,overcast clouds,CR,2022-10-19 17:16:07
413,Saint-Joseph,-21.3667,55.6167,70.18,74,27,10.04,scattered clouds,RE,2022-10-19 17:16:08
414,Siuna,13.7332,-84.7773,87.15,57,87,2.64,overcast clouds,NI,2022-10-19 17:17:08
415,Gomoh,23.8667,86.1667,71.92,62,0,4.45,clear sky,IN,2022-10-19 17:17:09
416,Barreirinhas,-2.7469,-42.8264,92.43,47,56,14.79,broken clouds,BR,2022-10-19 17:17:10
417,Canton,23.1167,113.25,71.55,26,97,3.4,overcast clouds,CN,2022-10-19 17:15:48
418,Tiarei,-17.5333,-149.3333,78.82,78,2,8.81,light rain,PF,2022-10-19 17:17:16
419,Marawi,7.9986,124.2928,69.85,93,98,3.69,overcast clouds,PH,2022-10-19 17:17:17
420,Akhalgori,42.126,44.4833,56.05,79,84,5.12,broken clouds,GE,2022-10-19 17:17:18
421,Panji,-7.7253,114.0995,76.46,88,98,3.67,overcast clouds,ID,2022-10-19 17:17:18
422,Zaysan,47.4667,84.8667,39.11,69,65,3.06,broken clouds,KZ,2022-10-19 17:17:21
423,Tocopilla,-22.092,-70.1979,66.51,63,12,9.1,few clouds,CL,2022-10-19 17:17:22
424,Hailun,47.45,126.9333,38.79,47,30,8.23,scattered clouds,CN,2022-10-19 17:17:23
425,Panaba,21.2833,-88.2667,73.83,91,100,12.88,overcast clouds,MX,2022-10-19 17:17:24
426,Pedasi,7.5333,-80.0333,89.06,84,100,6.31,moderate rain,PA,2022-10-19 17:17:25
427,Mezhdurechensk,53.6942,88.0603,38.62,83,100,2.98,overcast clouds,RU,2022-10-19 17:17:25
428,Hailey,43.5196,-114.3153,58.87,30,0,8.05,clear sky,US,2022-10-19 17:14:10
429,Tilichiki,60.4667,166.1,24.64,88,92,6.69,overcast clouds,RU,2022-10-19 17:17:27
430,Trelew,-43.249,-65.3051,82.2,20,6,12.91,clear sky,AR,2022-10-19 17:13:42
431,Coihaique,-45.5752,-72.0662,59.61,67,75,5.75,broken clouds,CL,2022-10-19 17:17:28
432,Zhigansk,66.7697,123.3711,15.66,95,98,7.31,overcast clouds,RU,2022-10-19 17:17:29
433,Sao Jose Da Coroa Grande,-8.8978,-35.1478,80.44,62,24,12.12,few clouds,BR,2022-10-19 17:17:29
434,Ruston,32.5232,-92.6379,54.59,26,0,0.0,clear sky,US,2022-10-19 17:16:08
435,Toda Raisingh,26.0252,75.4849,76.01,37,0,7.9,clear sky,IN,2022-10-19 17:17:30
436,Springfield,37.2153,-93.2982,47.66,31,0,12.66,clear sky,US,2022-10-19 17:16:52
437,Markova,48.6758,24.4138,47.61,74,68,9.08,broken clouds,UA,2022-10-19 17:17:30
438,Sorong,-0.8833,131.25,79.32,84,89,3.0,light rain,ID,2022-10-19 17:17:32
439,Katobu,-4.9408,122.5276,75.81,92,100,2.04,overcast clouds,ID,2022-10-19 17:17:33
440,Matagami,49.7502,-77.6328,39.31,93,100,11.5,overcast clouds,CA,2022-10-19 17:17:34
441,Tereze,43.9361,42.4434,54.05,62,90,3.18,overcast clouds,RU,2022-10-19 17:17:34
442,Teya,60.3778,92.6267,31.1,95,98,3.4,overcast clouds,RU,2022-10-19 17:17:35
443,Manadhoo,5.7667,73.3833,81.57,78,92,16.08,overcast clouds,MV,2022-10-19 17:17:36
444,Abha,18.2164,42.5053,64.22,72,0,4.61,clear sky,SA,2022-10-19 17:17:38
445,Murdochville,48.9583,-65.5006,41.88,96,100,15.66,overcast clouds,CA,2022-10-19 17:17:39
446,Mandalgovi,45.7625,106.2708,44.62,26,10,9.1,clear sky,MN,2022-10-19 17:17:41
447,Coahuayana,18.7333,-103.6833,86.23,64,100,1.81,overcast clouds,MX,2022-10-19 17:17:43
448,Verkhnetulomskiy,68.6073,31.7962,39.33,76,100,17.27,overcast clouds,RU,2022-10-19 17:17:44
449,Paramonga,-10.6667,-77.8333,66.33,72,92,12.8,overcast clouds,PE,2022-10-19 17:17:45
450,Nchelenge,-9.3451,28.734,79.63,44,31,6.02,scattered clouds,ZM,2022-10-19 17:17:45
451,Stromness,58.965,-3.296,47.88,77,100,15.01,overcast clouds,GB,2022-10-19 17:17:23
452,Guhagar,17.4842,73.1929,77.79,89,59,2.1,broken clouds,IN,2022-10-19 17:14:31
453,Scottsbluff,41.8666,-103.6672,67.78,29,0,10.0,clear sky,US,2022-10-19 17:15:03
454,Dire Dawa,9.5931,41.8661,73.44,35,6,8.14,clear sky,ET,2022-10-19 17:17:49
455,Fortuna,40.5982,-124.1573,58.12,72,0,6.91,clear sky,US,2022-10-19 17:15:50
456,Sembakung,3.8167,117.25,73.56,99,100,1.21,overcast clouds,ID,2022-10-19 17:17:51
457,Tayga,56.06,85.6197,36.52,92,97,7.25,overcast clouds,RU,2022-10-19 17:17:52
458,Ginir,7.1333,40.7,58.73,89,76,4.36,light rain,ET,2022-10-19 17:17:53
459,Wangaratta,-36.3667,146.3333,54.16,93,73,6.44,broken clouds,AU,2022-10-19 17:17:54
460,Rocha,-34.4833,-54.3333,67.5,80,84,12.24,broken clouds,UY,2022-10-19 17:17:54
461,Delta Del Tigre,-34.7633,-56.3853,73.81,68,40,11.5,scattered clouds,UY,2022-10-19 17:17:55
462,Fiche,9.8,38.7333,54.09,54,96,5.93,overcast clouds,ET,2022-10-19 17:18:56
463,Santa Rosa,14.3122,121.1114,78.78,94,100,5.01,moderate rain,PH,2022-10-19 17:17:03
464,Aksum,14.1245,38.7244,66.99,39,63,7.92,broken clouds,ET,2022-10-19 17:18:58
465,Gold Coast,-28.0,153.4333,68.07,92,100,12.66,moderate rain,AU,2022-10-19 17:16:17
466,Santa Cruz,-17.8,-63.1667,86.05,58,40,13.8,scattered clouds,BO,2022-10-19 17:19:00
467,Victoria Point,-27.5833,153.3,68.11,92,100,1.01,light rain,AU,2022-10-19 17:19:01
468,Sompeta,18.9333,84.6,77.9,84,18,4.03,few clouds,IN,2022-10-19 17:19:02
469,Callaway,30.153,-85.5699,61.99,36,0,8.05,clear sky,US,2022-10-19 17:19:04
470,Krasnoselkup,65.7,82.4667,34.77,98,100,19.1,light snow,RU,2022-10-19 17:19:05
471,Rawson,-43.3002,-65.1023,77.85,26,10,11.01,clear sky,AR,2022-10-19 17:17:05
472,Kenai,60.5544,-151.2583,42.1,96,100,8.05,overcast clouds,US,2022-10-19 17:19:01
473,Mareeba,-17.0,145.4333,73.44,94,46,1.99,scattered clouds,AU,2022-10-19 17:19:08
474,Ternate,0.8,127.4,81.73,79,97,3.85,overcast clouds,ID,2022-10-19 17:19:09
475,Joppatowne,39.4579,-76.3552,56.75,52,40,14.97,scattered clouds,US,2022-10-19 17:19:10
476,Muborak,39.2553,65.1528,53.35,46,0,8.19,clear sky,UZ,2022-10-19 17:19:11
477,Morehead,37.2711,-87.1764,52.99,35,0,6.91,clear sky,US,2022-10-19 17:19:11
478,Effingham,32.3669,-81.3332,59.45,46,0,6.62,clear sky,US,2022-10-19 17:17:44
479,Sillod,20.3,75.65,71.58,87,22,5.93,few clouds,IN,2022-10-19 17:19:12
480,San Cristobal,7.7669,-72.225,80.78,69,70,3.98,broken clouds,VE,2022-10-19 17:19:13
481,Ornskoldsvik,63.2909,18.7153,43.75,75,86,10.36,overcast clouds,SE,2022-10-19 17:19:14
482,Wawa,9.9022,4.4192,81.99,54,5,1.99,clear sky,NG,2022-10-19 17:19:15
483,Mahajanga,-15.7167,46.3167,75.22,73,20,2.3,few clouds,MG,2022-10-19 17:19:16
484,Ancud,-41.8697,-73.8203,62.22,79,64,8.79,broken clouds,CL,2022-10-19 17:19:17
485,Okhotsk,59.3833,143.3,21.83,58,0,17.74,clear sky,RU,2022-10-19 17:19:18
486,Siocon,7.7061,122.1353,79.36,85,100,3.58,moderate rain,PH,2022-10-19 17:19:19
487,Ialibu,-6.2821,143.9935,56.23,100,100,2.59,overcast clouds,PG,2022-10-19 17:19:20
488,Belmonte,-15.8631,-38.8828,80.06,62,23,7.58,few clouds,BR,2022-10-19 17:19:21
489,Villazon,-22.0866,-65.5942,69.31,2,0,22.03,clear sky,BO,2022-10-19 17:19:22
490,Ananas,19.2466,-71.9557,87.53,48,6,2.91,clear sky,HT,2022-10-19 17:19:23
491,Leopold,-38.1833,144.4667,54.21,95,0,5.75,clear sky,AU,2022-10-19 17:19:24
492,Bodden Town,19.2833,-81.25,89.6,69,20,5.75,few clouds,KY,2022-10-19 17:19:25
493,Rantepao,-2.9701,119.8978,66.79,96,98,2.42,overcast clouds,ID,2022-10-19 17:19:27
494,Margate,51.3813,1.3862,61.9,82,74,4.0,broken clouds,GB,2022-10-19 17:19:28
495,Yarovoye,52.9273,78.58,45.21,47,99,13.58,overcast clouds,RU,2022-10-19 17:19:29
496,Cayenne,4.9333,-52.3333,87.84,62,20,11.5,few clouds,GF,2022-10-19 17:19:30
497,Luderitz,-26.6481,15.1594,62.89,83,47,16.71,scattered clouds,NA,2022-10-19 17:19:32
498,Faanui,-16.4833,-151.75,77.32,77,10,6.15,clear sky,PF,2022-10-19 17:19:34
499,Aksarka,66.5606,67.7975,37.04,89,99,11.86,overcast clouds,RU,2022-10-19 17:19:34
500,Mocuba,-16.8392,36.9856,77.85,67,42,10.16,light rain,MZ,2022-10-19 17:19:35
501,Mangai,-4.05,19.5333,77.27,71,56,2.77,broken clouds,CD,2022-10-19 17:19:35
502,Kargil,34.5667,76.1,36.91,55,100,8.5,overcast clouds,IN,2022-10-19 17:19:37
503,Tromso,69.6496,18.957,41.02,81,75,8.05,broken clouds,NO,2022-10-19 17:19:39
504,Polyarnyy,69.1989,33.4478,39.06,71,100,32.14,overcast clouds,RU,2022-10-19 17:19:40
505,Bonavista,48.6499,-53.1147,55.45,83,91,11.12,overcast clouds,CA,2022-10-19 17:19:42
506,Portage,41.1667,-81.1998,42.58,78,100,11.5,overcast clouds,US,2022-10-19 17:19:43
507,Kloulklubed,7.0419,134.2556,77.5,76,94,14.29,overcast clouds,PW,2022-10-19 17:19:43
508,Codajas,-3.8367,-62.0569,90.45,57,66,2.26,broken clouds,BR,2022-10-19 17:20:45
509,Amarante Do Maranhao,-5.5667,-46.7422,91.53,35,58,8.39,broken clouds,BR,2022-10-19 17:20:46
510,Mananjary,-21.2167,48.3333,70.27,84,7,5.99,clear sky,MG,2022-10-19 17:20:47
511,Khash,28.2211,61.2158,64.47,30,92,7.25,overcast clouds,IR,2022-10-19 17:20:48
512,Gua Musang,4.8823,101.9644,74.52,100,100,1.16,overcast clouds,MY,2022-10-19 17:20:49
513,Antofagasta,-23.65,-70.4,61.88,68,11,10.07,few clouds,CL,2022-10-19 17:18:31
514,Atasu,48.6814,71.6433,45.57,43,100,21.7,overcast clouds,KZ,2022-10-19 17:20:50
515,Staraya Poltavka,50.4772,46.4814,56.53,42,100,15.14,overcast clouds,RU,2022-10-19 17:20:50
516,Mount Isa,-20.7333,139.5,69.57,68,0,0.0,light rain,AU,2022-10-19 17:20:51
517,Ostersund,63.1792,14.6357,43.25,75,100,18.41,overcast clouds,SE,2022-10-19 17:20:51
518,Point Pedro,9.8167,80.2333,80.42,76,87,2.51,overcast clouds,LK,2022-10-19 17:20:52
519,Markovo,57.3206,107.0881,31.59,99,100,1.88,light snow,RU,2022-10-19 17:20:53
520,Kieta,-6.2167,155.6333,78.39,77,87,2.46,overcast clouds,PG,2022-10-19 17:20:54
521,Kawalu,-7.3817,108.2082,72.72,98,100,1.39,overcast clouds,ID,2022-10-19 17:20:55
522,Kitimat,54.0524,-128.6534,53.98,26,100,5.1,overcast clouds,CA,2022-10-19 17:20:56
523,Sur,22.5667,59.5289,81.75,47,90,1.72,overcast clouds,OM,2022-10-19 17:20:58
524,Kidal,18.4411,1.4078,91.92,14,4,12.77,clear sky,ML,2022-10-19 17:21:00
525,Saint-Leu,-21.15,55.2833,70.66,76,39,11.77,scattered clouds,RE,2022-10-19 17:21:01
526,Santa Fe,-31.6333,-60.7,81.68,38,77,1.59,light rain,AR,2022-10-19 17:21:01
527,Tungor,53.3808,142.9564,34.3,81,61,11.63,broken clouds,RU,2022-10-19 17:21:03
528,Petropavlovsk-Kamchatskiy,53.0452,158.6483,32.59,60,40,6.71,scattered clouds,RU,2022-10-19 17:21:04
529,Byron Bay,-28.65,153.6167,64.71,90,100,9.37,overcast clouds,AU,2022-10-19 17:21:05
530,Taoudenni,22.6783,-3.9836,94.75,12,100,3.4,overcast clouds,ML,2022-10-19 17:21:05
531,Nemuro,43.3236,145.575,48.67,65,77,10.36,broken clouds,JP,2022-10-19 17:21:06
532,Qaqortoq,60.7167,-46.0333,37.78,97,100,18.72,overcast clouds,GL,2022-10-19 17:21:08
533,Vrangel,42.7297,133.0839,49.89,74,3,10.45,clear sky,RU,2022-10-19 17:21:09
534,Moa,20.6569,-74.9403,86.31,64,25,6.29,scattered clouds,CU,2022-10-19 17:21:09
535,Snezhnogorsk,69.1933,33.2531,38.98,71,100,29.75,overcast clouds,RU,2022-10-19 17:21:10
536,Tyukhtet,56.5389,89.3011,36.37,97,99,5.53,overcast clouds,RU,2022-10-19 17:21:11
537,Shingu,33.7333,135.9833,53.46,66,0,6.02,clear sky,JP,2022-10-19 17:21:12
538,Maraa,-1.8333,-65.3667,80.85,91,95,3.49,overcast clouds,BR,2022-10-19 17:21:13
539,Johi,26.6921,67.6133,86.47,20,64,3.98,broken clouds,PK,2022-10-19 17:21:14
540,Mogzon,51.7435,111.9606,31.17,71,99,2.19,overcast clouds,RU,2022-10-19 17:21:16
541,Kailua,21.4022,-157.7394,77.07,77,41,8.95,scattered clouds,US,2022-10-19 17:19:44
542,Tete,-16.1564,33.5867,91.49,35,20,9.22,few clouds,MZ,2022-10-19 17:21:18
543,Tafresh,34.692,50.013,54.99,58,0,4.81,clear sky,IR,2022-10-19 17:21:19
544,Port Said,31.2565,32.2841,75.18,78,0,10.36,clear sky,EG,2022-10-19 17:21:20
545,Yasinya,48.2794,24.3604,41.49,79,92,4.25,overcast clouds,UA,2022-10-19 17:21:21
546,Sinnamary,5.3833,-52.95,85.42,66,78,11.81,broken clouds,GF,2022-10-19 17:21:22
547,Coria,39.9879,-6.5377,65.68,73,100,10.42,overcast clouds,ES,2022-10-19 17:21:23
548,Kaitangata,-46.2817,169.8464,39.36,86,87,5.68,overcast clouds,NZ,2022-10-19 17:21:24
549,Walvis Bay,-22.9575,14.5053,63.55,77,42,11.5,scattered clouds,NA,2022-10-19 17:21:27
550,Sokoni,-6.4333,39.55,76.5,79,5,14.79,clear sky,TZ,2022-10-19 17:21:28
551,Ust-Kuyga,70.0167,135.6,-3.71,99,65,7.99,broken clouds,RU,2022-10-19 17:22:29
552,Tukrah,32.5341,20.5791,70.9,65,9,8.28,clear sky,LY,2022-10-19 17:22:30
553,Mapiri,-15.25,-68.1667,88.2,46,51,4.14,broken clouds,BO,2022-10-19 17:22:30
554,Sao Gabriel Da Cachoeira,-0.1303,-67.0892,78.6,89,40,4.61,moderate rain,BR,2022-10-19 17:22:31
555,Kulhudhuffushi,6.6221,73.07,81.37,79,75,17.69,broken clouds,MV,2022-10-19 17:21:18
556,Perelyub,51.8667,50.3667,54.45,51,100,15.99,overcast clouds,RU,2022-10-19 17:22:33
557,Sisimiut,66.9395,-53.6735,27.88,69,100,9.6,overcast clouds,GL,2022-10-19 17:22:34
558,Jian,27.1172,114.9793,57.47,37,94,4.94,overcast clouds,CN,2022-10-19 17:22:35
559,Ranong,9.9658,98.6348,74.97,94,100,4.81,light rain,TH,2022-10-19 17:22:36
560,Barreirinha,-2.7933,-57.07,96.13,40,94,4.41,overcast clouds,BR,2022-10-19 17:22:37
561,Parrita,9.5201,-84.3225,84.24,69,98,4.81,overcast clouds,CR,2022-10-19 17:22:38
562,San Benito Abad,8.929,-75.0271,81.66,80,100,3.18,overcast clouds,CO,2022-10-19 17:22:38
563,Hirara,24.8,125.2833,75.6,79,100,29.86,overcast clouds,JP,2022-10-19 17:22:38
564,Zhuji,29.7188,120.2423,49.59,91,24,0.58,few clouds,CN,2022-10-19 17:22:39
565,Naldurg,17.8167,76.3,76.39,77,89,7.76,overcast clouds,IN,2022-10-19 17:22:39
566,Barcelos,41.5388,-8.6151,64.85,85,78,12.57,broken clouds,PT,2022-10-19 17:19:30
567,Kevsala,45.7983,42.6903,58.53,43,1,3.47,clear sky,RU,2022-10-19 17:22:40
568,Estevan,49.1334,-102.9842,59.34,44,0,16.11,clear sky,CA,2022-10-19 17:20:54
569,Bhadrachalam,17.6667,80.8833,74.89,92,57,1.99,broken clouds,IN,2022-10-19 17:22:43
570,Ramnagar,29.4,79.1167,65.71,75,0,5.79,clear sky,IN,2022-10-19 17:22:44
571,Pacific Grove,36.6177,-121.9166,82.38,45,0,3.44,clear sky,US,2022-10-19 17:22:45
572,Port Macquarie,-31.4333,152.9167,62.89,94,100,11.3,light rain,AU,2022-10-19 17:21:24
573,Puerto Quijarro,-17.7833,-57.7667,98.1,33,87,6.44,overcast clouds,BO,2022-10-19 17:22:46
574,Smithers,54.7804,-127.1743,50.32,81,75,9.22,broken clouds,CA,2022-10-19 17:22:47
575,Neiafu,-18.65,-173.9833,66.88,100,20,0.0,few clouds,TO,2022-10-19 17:22:47
576,Gimli,50.6336,-96.9907,39.22,52,49,5.75,scattered clouds,CA,2022-10-19 17:22:47
577,Kozlovka,55.8428,48.2492,42.49,86,100,4.32,overcast clouds,RU,2022-10-19 17:22:48
578,Nanakuli,21.3906,-158.1547,77.04,78,0,4.61,clear sky,US,2022-10-19 17:22:49
579,Kambove,-10.8764,26.5969,74.5,25,58,4.12,broken clouds,CD,2022-10-19 17:22:50
580,Binzhou,37.3667,118.0167,52.66,38,26,7.4,scattered clouds,CN,2022-10-19 17:22:51
581,Poum,-20.2333,164.0167,75.36,75,71,10.65,broken clouds,NC,2022-10-19 17:22:52
582,Mansa,29.9833,75.3833,74.21,50,0,7.9,clear sky,IN,2022-10-19 17:22:53
583,Aguimes,27.9054,-15.4461,74.66,69,20,24.16,few clouds,ES,2022-10-19 17:22:54
584,Oneonta,42.4529,-75.0638,44.29,71,66,12.82,broken clouds,US,2022-10-19 17:22:55
585,Denpasar,-8.65,115.2167,78.46,100,75,1.14,broken clouds,ID,2022-10-19 17:19:46
586,Makubetsu,45.3714,141.8211,50.2,58,14,17.18,few clouds,JP,2022-10-19 17:22:56
587,Areka,7.0667,37.7,62.08,83,66,3.83,light rain,ET,2022-10-19 17:22:57
588,Aswan,24.0934,32.907,88.9,27,0,8.05,clear sky,EG,2022-10-19 17:22:58
589,Baherden,38.4362,57.4316,61.59,53,0,12.86,clear sky,TM,2022-10-19 17:23:00
590,Xichang,27.8964,102.2634,55.08,89,28,3.0,scattered clouds,CN,2022-10-19 17:23:01
591,Razole,16.4833,81.8333,76.12,89,82,4.14,broken clouds,IN,2022-10-19 17:23:03
592,Hobbs,32.7026,-103.136,65.07,37,0,12.66,clear sky,US,2022-10-19 17:22:12
593,Ndjole,-0.1783,10.7649,77.16,94,92,3.06,light rain,GA,2022-10-19 17:23:03
594,Dryden,49.7833,-92.7503,35.89,55,100,3.44,overcast clouds,CA,2022-10-19 17:23:04
595,Inongo,-1.95,18.2667,77.7,78,50,0.94,light rain,CD,2022-10-19 17:23:05
596,Zhuanghe,39.7008,122.9911,51.91,72,0,5.93,clear sky,CN,2022-10-19 17:23:05
597,Sorland,67.667,12.6934,47.46,78,100,11.92,overcast clouds,NO,2022-10-19 17:22:18
598,Horsham,51.064,-0.3272,62.04,84,0,11.5,clear sky,GB,2022-10-19 17:23:06
599,Paraiso,9.8383,-83.8656,79.95,54,76,4.41,broken clouds,CR,2022-10-19 17:24:08
600,Kibondo,-3.5864,30.7203,64.67,87,100,2.82,light rain,TZ,2022-10-19 17:24:09
601,Roald,62.5833,6.1333,45.34,76,75,8.05,broken clouds,NO,2022-10-19 17:22:45
602,Baruun-Urt,46.6806,113.2792,39.74,30,55,4.03,broken clouds,MN,2022-10-19 17:24:11
603,Clifton,40.8584,-74.1638,54.81,48,75,16.11,broken clouds,US,2022-10-19 17:22:17
604,Caruray,10.3094,119.0128,79.47,85,100,2.51,light rain,PH,2022-10-19 17:23:25
605,Molina,-35.1167,-71.2833,62.33,55,100,3.44,overcast clouds,CL,2022-10-19 17:24:14
606,Bud,39.447,-86.1758,49.75,52,7,13.78,clear sky,US,2022-10-19 17:24:16
607,Namatanai,-3.6667,152.4333,79.0,79,99,6.93,overcast clouds,PG,2022-10-19 17:21:27
608,Hervey Bay,-25.2986,152.8535,67.01,95,100,7.0,overcast clouds,AU,2022-10-19 17:24:18
609,Lambare,-25.3468,-57.6065,77.04,88,100,4.61,thunderstorm with rain,PY,2022-10-19 17:24:20
610,Limbang,4.75,115.0,78.91,97,100,1.03,overcast clouds,MY,2022-10-19 17:24:21
611,Taree,-31.9,152.4667,64.06,96,100,3.71,light rain,AU,2022-10-19 17:24:22
612,Luancheng,37.8792,114.6517,53.76,29,96,9.6,overcast clouds,CN,2022-10-19 17:24:22
613,Aden,12.7794,45.0367,83.71,60,6,8.66,clear sky,YE,2022-10-19 17:24:24
614,Yaransk,57.3033,47.8861,37.47,82,68,5.21,broken clouds,RU,2022-10-19 17:24:26
615,Luebo,-5.35,21.4167,77.99,67,73,2.37,light rain,CD,2022-10-19 17:24:27
616,Ellisras,-23.6649,27.7443,83.23,25,99,8.72,overcast clouds,ZA,2022-10-19 17:24:28
617,Corrente,-3.7367,-43.3394,102.24,23,45,3.13,scattered clouds,BR,2022-10-19 17:24:28
618,Oranjemund,-28.55,16.4333,61.45,91,22,11.23,few clouds,NA,2022-10-19 17:24:30
619,Jaciara,-15.9653,-54.9683,100.85,20,40,4.27,scattered clouds,BR,2022-10-19 17:24:30
620,Hamilton,39.1834,-84.5333,52.75,54,20,12.66,few clouds,US,2022-10-19 17:21:41
621,Kutum,14.2,24.6667,83.23,20,17,6.85,few clouds,SD,2022-10-19 17:24:32
622,Bitkine,11.9801,18.2138,89.87,30,26,2.71,scattered clouds,TD,2022-10-19 17:24:33
623,Cap Estate,14.0833,-60.95,87.46,70,75,8.05,broken clouds,LC,2022-10-19 17:24:34
624,Senno,59.5336,33.9167,31.26,91,78,4.7,broken clouds,RU,2022-10-19 17:24:35
625,Gladstone,-23.85,151.25,71.53,88,40,9.22,light rain,AU,2022-10-19 17:24:36
626,Antalaha,-14.9003,50.2788,68.49,80,0,8.66,clear sky,MG,2022-10-19 17:24:36
627,Mudon,16.2578,97.7164,73.81,79,27,4.29,scattered clouds,MM,2022-10-19 17:24:37
628,Ipixuna,-1.7625,-48.8043,94.98,40,100,4.5,overcast clouds,BR,2022-10-19 17:24:38
629,Natitingou,10.3042,1.3796,80.98,54,99,2.93,overcast clouds,BJ,2022-10-19 17:24:38
630,Kualakapuas,-3.0091,114.3876,74.88,97,100,1.34,moderate rain,ID,2022-10-19 17:24:40
631,Langsa,4.4683,97.9683,73.74,96,100,2.26,light rain,ID,2022-10-19 17:24:40
632,Champerico,14.3,-91.9167,88.34,75,37,16.84,scattered clouds,GT,2022-10-19 17:24:41
633,Amahai,-3.3333,128.9167,79.3,87,96,3.0,overcast clouds,ID,2022-10-19 17:24:42
634,Maxixe,-23.8597,35.3472,76.82,73,40,4.61,scattered clouds,MZ,2022-10-19 17:24:43
635,Taltal,-25.4,-70.4833,64.24,63,13,7.96,few clouds,CL,2022-10-19 17:24:44
636,Freeport,40.6576,-73.5832,56.25,48,0,20.71,clear sky,US,2022-10-19 17:20:27
637,Scarborough,54.2797,-0.4044,53.17,80,100,11.01,overcast clouds,GB,2022-10-19 17:24:46
638,Sabaudia,41.3003,13.0282,73.47,92,0,4.45,clear sky,IT,2022-10-19 17:24:47
639,Dharmadam,11.7833,75.4333,77.38,88,100,0.67,overcast clouds,IN,2022-10-19 17:24:48
640,Malakal,9.5334,31.6605,76.48,73,37,4.72,scattered clouds,SS,2022-10-19 17:24:49
641,Amurzet,47.6967,131.0981,38.23,60,77,7.78,broken clouds,RU,2022-10-19 17:24:49
642,Turinskaya Sloboda,57.6232,64.3858,40.42,91,100,6.49,overcast clouds,RU,2022-10-19 17:24:50
643,Harstad,68.799,16.5293,43.99,100,100,4.0,overcast clouds,NO,2022-10-19 17:25:51
644,Luau,-10.7073,22.2247,78.53,39,90,2.44,overcast clouds,AO,2022-10-19 17:25:51
645,Cikupa,-6.2364,106.5083,80.37,89,100,4.7,overcast clouds,ID,2022-10-19 17:25:52
646,Kupang,-10.1667,123.5833,79.9,79,62,3.02,broken clouds,ID,2022-10-19 17:25:53
647,Adeje,28.1227,-16.726,78.1,81,20,17.27,few clouds,ES,2022-10-19 17:25:54
648,Hobyo,5.3505,48.5268,78.87,80,55,17.58,broken clouds,SO,2022-10-19 17:25:55
649,Okha,53.5739,142.9478,37.18,80,45,12.41,scattered clouds,RU,2022-10-19 17:25:56
650,Hurghada,27.2574,33.8129,82.44,36,0,0.0,clear sky,EG,2022-10-19 17:25:56
651,Ufimskiy,56.7084,58.0517,37.26,93,99,3.22,overcast clouds,RU,2022-10-19 17:25:58
652,Zolotkovo,55.5281,41.1053,40.66,93,79,3.0,broken clouds,RU,2022-10-19 17:25:59
653,Sydney,-33.8679,151.2073,65.71,93,20,8.05,few clouds,AU,2022-10-19 17:25:38
654,Pecos,31.4229,-103.4932,63.43,58,0,0.0,clear sky,US,2022-10-19 17:26:02
655,Ugoofaaru,5.6667,73.0,81.18,78,77,15.55,broken clouds,MV,2022-10-19 17:26:03
656,Hokitika,-42.7167,170.9667,48.16,90,100,2.77,overcast clouds,NZ,2022-10-19 17:26:04
657,Mabaruma,8.2,-59.7833,89.33,56,91,7.43,overcast clouds,GY,2022-10-19 17:26:05
658,Hualmay,-11.0964,-77.6139,67.28,70,91,13.02,overcast clouds,PE,2022-10-19 17:26:06
659,Nizhyn,51.048,31.8869,49.23,83,73,9.69,broken clouds,UA,2022-10-19 17:26:07
660,Kedainiai,55.2883,23.9747,41.47,63,27,12.1,scattered clouds,LT,2022-10-19 17:26:08
661,Nador,35.174,-2.9287,75.27,83,20,4.61,few clouds,MA,2022-10-19 17:26:09
662,Khiri Mat,16.8333,99.8,71.87,85,28,4.12,scattered clouds,TH,2022-10-19 17:26:10
663,Cap Malheureux,-19.9842,57.6142,70.47,73,41,3.0,scattered clouds,MU,2022-10-19 17:26:11
664,Champasak,14.75,106.0,67.26,89,45,1.5,scattered clouds,LA,2022-10-19 17:26:13
665,Hainburg,50.0716,8.9524,58.44,87,77,5.99,broken clouds,DE,2022-10-19 17:26:15
666,Athens,37.9795,23.7162,69.94,66,0,4.61,clear sky,GR,2022-10-19 17:25:00
667,Kropotkin,45.4375,40.5756,61.41,58,0,4.79,clear sky,RU,2022-10-19 17:26:18
668,Mogadishu,2.0371,45.3438,77.74,79,9,12.17,clear sky,SO,2022-10-19 17:26:19
669,Dongobesh,-4.0667,35.3833,63.52,58,100,9.55,overcast clouds,TZ,2022-10-19 17:26:20
670,Trincomalee,8.5711,81.2335,79.39,85,100,10.58,moderate rain,LK,2022-10-19 17:26:21
671,Palamos,41.8484,3.1291,73.56,63,70,8.34,broken clouds,ES,2022-10-19 17:26:22
672,Leningradskiy,69.3833,178.4167,27.77,88,100,24.0,overcast clouds,RU,2022-10-19 17:26:23
673,Caracoli,6.4119,-74.7606,75.72,93,98,2.26,overcast clouds,CO,2022-10-19 17:26:23
674,Kavaratti,10.5669,72.642,81.3,77,100,15.05,overcast clouds,IN,2022-10-19 17:26:25
675,Camacha,33.0833,-16.3333,71.02,68,20,17.27,few clouds,PT,2022-10-19 17:26:26
676,Kyra,49.5776,111.9753,38.71,66,100,4.23,overcast clouds,RU,2022-10-19 17:26:28
677,Kitui,-1.367,38.0106,69.91,60,64,12.84,broken clouds,KE,2022-10-19 17:26:29
678,Pozhva,59.0912,56.0847,38.59,82,99,8.19,overcast clouds,RU,2022-10-19 17:26:30
679,Marzuq,14.4,46.4667,73.29,25,23,1.05,few clouds,YE,2022-10-19 17:26:31
680,Rio De Janeiro,-22.9028,-43.2075,77.22,86,100,8.05,moderate rain,BR,2022-10-19 17:25:35
681,Vershino-Shakhtaminskiy,51.3012,117.8868,28.33,73,91,4.36,overcast clouds,RU,2022-10-19 17:26:33
682,Itu,-23.2642,-47.2992,87.3,44,67,11.74,broken clouds,BR,2022-10-19 17:26:34
683,Anamur,36.0751,32.8369,71.92,73,2,8.55,clear sky,TR,2022-10-19 17:26:35
684,Los Cordobas,8.894,-76.3546,84.15,72,53,4.76,broken clouds,CO,2022-10-19 17:23:10
685,Dubuque,42.4833,-90.8668,41.59,45,0,16.11,clear sky,US,2022-10-19 17:26:37
686,Les Cayes,18.2,-73.75,85.8,64,11,9.89,few clouds,HT,2022-10-19 17:26:38
687,Kirkenes,69.7271,30.0458,38.35,75,75,17.27,broken clouds,NO,2022-10-19 17:26:39
688,Grahamstown,-33.3042,26.5328,74.21,70,44,5.79,scattered clouds,ZA,2022-10-19 17:27:41
689,Larsnes,62.2028,5.5773,48.45,82,84,2.8,broken clouds,NO,2022-10-19 17:27:42
690,Chokwe,-24.5333,32.9833,76.44,60,0,12.39,clear sky,MZ,2022-10-19 17:27:43
691,Gigmoto,13.7796,124.39,79.09,85,99,0.45,overcast clouds,PH,2022-10-19 17:27:44
692,Road Town,18.4167,-64.6167,87.89,70,40,9.22,scattered clouds,VG,2022-10-19 17:27:45
693,Weihe,32.9952,105.3247,48.13,97,20,3.94,few clouds,CN,2022-10-19 17:27:46
694,Dalhousie,32.5333,75.9833,47.59,60,2,7.92,clear sky,IN,2022-10-19 17:27:47
695,Pathanamthitta,9.2667,76.7833,78.73,97,66,1.9,broken clouds,IN,2022-10-19 17:27:48
696,Lahad Datu,5.0268,118.327,76.28,92,100,1.63,overcast clouds,MY,2022-10-19 17:27:49
697,Tornio,65.8481,24.1466,37.42,85,99,8.21,overcast clouds,FI,2022-10-19 17:27:50
698,Perbaungan,3.5679,98.956,78.91,92,100,2.46,overcast clouds,ID,2022-10-19 17:27:51
699,Saint-Francois,46.4154,3.9054,65.68,72,0,2.3,clear sky,FR,2022-10-19 17:27:53
700,Phuket,8.0,98.25,83.12,96,75,4.61,light rain,TH,2022-10-19 17:27:53
701,Paso De Carrasco,-34.8603,-56.0522,73.85,80,75,13.8,broken clouds,UY,2022-10-19 17:27:54
702,Lebedinyy,58.5167,125.5167,21.11,93,100,15.77,light snow,RU,2022-10-19 17:27:55
